"","ID","Description","GeneRatio","BgRatio","pvalue","neg_log10_FDR","qvalue","geneID","Count"
"hsa04820","hsa04820","Cytoskeleton in muscle cells",0.35,"232/8843",4.52865706481049e-07,4.26484931922645,4.19496654424551e-05,"287/288/84033/129446/1288/284217/7273",7
"hsa05165","hsa05165","Human papillomavirus infection",0.3,"333/8843",6.75035546972819e-05,2.3925221064925,0.00312648042808464,"1499/2778/5649/7157/1288/284217",6
"hsa04510","hsa04510","Focal adhesion",0.2,"203/8843",0.000978643627565468,1.64680103146217,0.0174091188171309,"1499/5649/1288/284217",4
"hsa04512","hsa04512","ECM-receptor interaction",0.15,"89/8843",0.000992554251821017,1.64680103146217,0.0174091188171309,"5649/1288/284217",3
"hsa05205","hsa05205","Proteoglycans in cancer",0.2,"204/8843",0.000996762127032428,1.64680103146217,0.0174091188171309,"287/288/1499/7157",4
"hsa05222","hsa05222","Small cell lung cancer",0.15,"93/8843",0.00112763610520053,1.64680103146217,0.0174091188171309,"7157/1288/284217",3
"hsa05146","hsa05146","Amoebiasis",0.15,"103/8843",0.00151478945184778,1.61950794950136,0.0185382985217646,"2778/1288/284217",3
"hsa05414","hsa05414","Dilated cardiomyopathy",0.15,"105/8843",0.00160103487233421,1.61950794950136,0.0185382985217646,"2778/284217/7273",3
"hsa05216","hsa05216","Thyroid cancer",0.1,"37/8843",0.00308668554425122,1.38556887535846,0.0317693950753342,"1499/7157",2
