"","ID","Description","GeneRatio","BgRatio","pvalue","neg_log10_FDR","qvalue","geneID","Count"
"hsa04820","hsa04820","Cytoskeleton in muscle cells",0.0848484848484849,"232/8843",0.000106230397529558,1.54723993196166,0.0258307598203452,"1634/3339/7273/56776/270/1730/1756/1832/3674/8516/284217/4622/6709/7139",14
