"","ONTOLOGY","ID","Description","GeneRatio","BgRatio","pvalue","neg_log10_FDR","qvalue","geneID","Count"
"GO:0140092","CC","GO:0140092","bBAF complex",0.125,"10/19869",0.00401999421103161,1.47890309238102,0.0146539586187593,"ARID1A",1
"GO:0036464","CC","GO:0036464","cytoplasmic ribonucleoprotein granule",0.25,"248/19869",0.0041345801208665,1.47890309238102,0.0146539586187593,"DDX6/ZC3H12B",2
"GO:0035770","CC","GO:0035770","ribonucleoprotein granule",0.25,"265/19869",0.00470588507981958,1.47890309238102,0.0146539586187593,"DDX6/ZC3H12B",2
"GO:0035060","CC","GO:0035060","brahma complex",0.125,"14/19869",0.0056240282241049,1.47890309238102,0.0146539586187593,"ARID1A",1
"GO:0071564","CC","GO:0071564","npBAF complex",0.125,"14/19869",0.0056240282241049,1.47890309238102,0.0146539586187593,"ARID1A",1
"GO:0071565","CC","GO:0071565","nBAF complex",0.125,"16/19869",0.00642519724053292,1.47890309238102,0.0146539586187593,"ARID1A",1
