"","ID","Description","GeneRatio","BgRatio","pvalue","neg_log10_FDR","qvalue","geneID","Count"
"hsa04392","hsa04392","Hippo signaling pathway - multiple species",0.666666666666667,"29/8843",3.10915259215186e-05,2.79135461933221,0.000785470128543627,"26524/4771",2
"hsa04390","hsa04390","Hippo signaling pathway",0.666666666666667,"157/8843",0.000928729952274168,1.61713719991538,0.0117313257129369,"26524/4771",2
