"","ID","Description","GeneRatio","BgRatio","pvalue","neg_log10_FDR","qvalue","geneID","Count"
"hsa05225","hsa05225","Hepatocellular carcinoma",0.0990990990990991,"170/8843",8.6062559121863e-06,2.75131852368516,0.00135888251245047,"8289/57492/1029/3845/5336/4089/83439/7048/7157/196528/1499",11
"hsa05220","hsa05220","Chronic myeloid leukemia",0.0630630630630631,"77/8843",4.73638600458168e-05,2.31171568613476,0.00373925210888027,"25/1029/3845/2122/4089/7048/7157",7
"hsa04360","hsa04360","Axon guidance",0.0900900900900901,"184/8843",9.96335364224627e-05,2.16484848878099,0.00524387033802435,"25/23365/3845/5336/5921/6091/6092/54437/7225/5361",10
"hsa05212","hsa05212","Pancreatic cancer",0.0540540540540541,"77/8843",0.000392720876338243,1.69410878275812,0.015502139855457,"675/1029/3845/4089/7048/7157",6
"hsa04725","hsa04725","Cholinergic synapse",0.0630630630630631,"115/8843",0.000583957518249729,1.61872152976678,0.018440763734202,"109/773/775/3786/56479/3845/43",7
"hsa05210","hsa05210","Colorectal cancer",0.0540540540540541,"87/8843",0.00075585495318364,1.60060330031532,0.0192263627966898,"3845/4089/83439/7048/7157/1499",6
"hsa04512","hsa04512","ECM-receptor interaction",0.0540540540540541,"89/8843",0.000852368750653247,1.60060330031532,0.0192263627966898,"1284/80144/341640/5649/3371/7143",6
"hsa05216","hsa05216","Thyroid cancer",0.036036036036036,"37/8843",0.0011286497199842,1.53666358845489,0.0222759813154775,"3845/83439/7157/1499",4
"hsa04713","hsa04713","Circadian entrainment",0.0540540540540541,"97/8843",0.00133679975071529,1.51430893317151,0.0234526272055315,"109/775/2778/2903/6263/2893",6
