"","ID","Description","GeneRatio","BgRatio","pvalue","neg_log10_FDR","qvalue","geneID","Count"
"hsa05216","hsa05216","Thyroid cancer",0.4,"37/8843",0.000169009764967873,1.94395637878826,0.00821624869524082,"3265/5979",2
"hsa04010","hsa04010","MAPK signaling pathway",0.6,"300/8843",0.000367458564946711,1.94395637878826,0.00821624869524082,"3265/4763/5979",3
"hsa05211","hsa05211","Renal cell carcinoma",0.4,"70/8843",0.000608279066159398,1.94395637878826,0.00821624869524082,"2034/3265",2
"hsa05230","hsa05230","Central carbon metabolism in cancer",0.4,"71/8843",0.000625768205503482,1.94395637878826,0.00821624869524082,"3265/5979",2
"hsa05223","hsa05223","Non-small cell lung cancer",0.4,"73/8843",0.000661477649193116,1.94395637878826,0.00821624869524082,"3265/5979",2
"hsa01521","hsa01521","EGFR tyrosine kinase inhibitor resistance",0.4,"80/8843",0.0007941201504449,1.94376658295032,0.00821984015372791,"3265/4763",2
