"","ID","Description","GeneRatio","BgRatio","pvalue","neg_log10_FDR","qvalue","geneID","Count"
"hsa04510","hsa04510","Focal adhesion",0.116071428571429,"203/8843",1.54482627639661e-06,3.48274074868674,0.000297582324821662,"81/1282/1285/1288/1950/2324/7148/1293/256076/7143/2321/5579/9475",13
"hsa04512","hsa04512","ECM-receptor interaction",0.0714285714285714,"89/8843",1.55148259652859e-05,2.78190348389642,0.00149432271139333,"1282/1285/1288/341640/7148/1293/256076/7143",8
"hsa04020","hsa04020","Calcium signaling pathway",0.107142857142857,"254/8843",8.39036901476951e-05,2.22496058943269,0.00538750010422042,"777/1950/2324/5136/51196/6262/6547/8912/116443/491/2321/5579",12
"hsa04820","hsa04820","Cytoskeleton in muscle cells",0.0982142857142857,"232/8843",0.000163017673619881,2.06144569673987,0.0078505879664311,"288/1282/1285/1288/114793/5339/7273/129446/1293/256076/4629",11
"hsa04151","hsa04151","PI3K-Akt signaling pathway",0.116071428571429,"362/8843",0.000631240556262284,1.57039550702816,0.0243193730096838,"1282/1285/1288/1950/2324/7148/7157/1293/256076/5618/7143/2321/2309",13
"hsa05213","hsa05213","Endometrial cancer",0.0446428571428571,"59/8843",0.000865577599065686,1.51715574351411,0.0274911012593249,"324/1950/7157/1496/2309",5
"hsa05165","hsa05165","Human papillomavirus infection",0.107142857142857,"333/8843",0.000998993570352516,1.51715574351411,0.0274911012593249,"324/1282/1285/1288/1950/5925/7148/7157/1293/256076/4855/7143",12
