"","ID","Description","GeneRatio","BgRatio","pvalue","neg_log10_FDR","qvalue","geneID","Count"
"hsa05221","hsa05221","Acute myeloid leukemia",0.666666666666667,"68/8843",0.000173935422293887,2.09354910885779,0.00259586264032336,"3815/3845",2
"hsa05230","hsa05230","Central carbon metabolism in cancer",0.666666666666667,"71/8843",0.000189697654485169,2.09354910885779,0.00259586264032336,"3815/3845",2
"hsa04916","hsa04916","Melanogenesis",0.666666666666667,"101/8843",0.000384625636087915,1.96266410151978,0.0035088654520301,"3815/3845",2
"hsa05224","hsa05224","Breast cancer",0.666666666666667,"148/8843",0.000825548079509528,1.84697288786102,0.00457992039123183,"3815/3845",2
"hsa04072","hsa04072","Phospholipase D signaling pathway",0.666666666666667,"149/8843",0.000836716225321199,1.84697288786102,0.00457992039123183,"3815/3845",2
"hsa04015","hsa04015","Rap1 signaling pathway",0.666666666666667,"212/8843",0.00168910720114264,1.62107511122192,0.00770469951398399,"3815/3845",2
"hsa04014","hsa04014","Ras signaling pathway",0.666666666666667,"238/8843",0.00212568141654166,1.58818093849916,0.00831093486166663,"3815/3845",2
"hsa04010","hsa04010","MAPK signaling pathway",0.666666666666667,"300/8843",0.00336428813989852,1.44677787670559,0.0115094067943897,"3815/3845",2
"hsa04151","hsa04151","PI3K-Akt signaling pathway",0.666666666666667,"362/8843",0.00487791747566441,1.33658913505497,0.0148334332593304,"3815/3845",2
